"release","tab","index business terms","EN 16931-1:2017","only in index","only in EN 16931-1:2017","added since previous release","removed since previous release","also listed under","in genericode or sheet","EN 16931-1:2017 evidence"
"01_2019-03-15/r01","Country","BT-40 BT-55 BT-69 BT-80 BT-159","BT-40 BT-55 BT-69 BT-80 BT-159","","","","","","","country codes: EN ISO 3166-1"
"01_2019-03-15/r01","Currency","BT-5 BT-6","BT-5 BT-6","","","","","","","BT-5 and BT-6: ISO 4217"
"01_2019-03-15/r01","ICD","BT-29-1 BT-30-1 BT-46-1 BT-47-1 BT-60-1 BT-61-1 BT-71-1 BT-157-1","BT-29-1 BT-30-1 BT-46-1 BT-47-1 BT-60-1 BT-61-1 BT-71-1 BT-157-1","","","","","","","scheme identifier sub-rows: list published by the ISO/IEC 6523 maintenance agency"
"01_2019-03-15/r01","1001","BT-3","BT-3","","","","","","","BT-3 usage note: entries in UNTDID 1001"
"01_2019-03-15/r01","1153","BT-18-1 BT-128-1","BT-18-1 BT-128-1","","","","","","","scheme identifier sub-rows of BT-18 and BT-128: UNTDID 1153"
"01_2019-03-15/r01","VAT ID","BT-31 BT-48 BT-63","BT-31 BT-48 BT-63","","","","","","","BT-48 and BT-63: VAT number prefixed by an ISO 3166-1 country code; derived for BT-31, whose note says only: prefixed by a country code"
"01_2019-03-15/r01","VAT CAT","BT-95 BT-102 BT-118 BT-151","","BT-95 BT-102 BT-118 BT-151","","","","BT-95 (5305) BT-102 (5305) BT-118 (5305) BT-151 (5305)","","Table 2 names no code list for the tax scheme; the VAT category codes of BT-95, BT-102, BT-118 and BT-151 are UNTDID 5305"
"01_2019-03-15/r01","Time","BT-8","BT-8","","","","","","","BT-8 usage note: entries of UNTDID 2005"
"01_2019-03-15/r01","Text","BT-21","BT-21","","","","","","","BT-21 usage note: entries in UNTDID 4451"
"01_2019-03-15/r01","Payment","BT-81","BT-81","","","","","","","BT-81 usage note: UNTDID 4461"
"01_2019-03-15/r01","5305","BT-95 BT-102 BT-118 BT-151","BT-95 BT-102 BT-118 BT-151","","","","","BT-95 (VAT CAT) BT-102 (VAT CAT) BT-118 (VAT CAT) BT-151 (VAT CAT)","","usage notes: the following entries of UNTDID 5305 are used"
"01_2019-03-15/r01","Allowance","BT-98 BT-140","BT-98 BT-140","","","","","","","usage notes: entries of the UNTDID 5189 code list"
"01_2019-03-15/r01","Item","BT-158-1","BT-158-1","","","","","","","scheme identifier sub-row of BT-158: entries in UNTDID 7143"
"01_2019-03-15/r01","Charge","BT-105 BT-145","BT-105 BT-145","","","","","","","usage notes: entries of the UNTDID 7161 code list"
"01_2019-03-15/r01","MIME","BT-125-1","BT-125-1","","","","","","","sub-row of BT-125: attached document Mime code"
"01_2019-03-15/r01","EAS","BT-34-1 BT-49-1","BT-34-1 BT-49-1","","","","","","","scheme identifier sub-rows of BT-34 and BT-49: list maintained by the Connecting Europe Facility"
"01_2019-03-15/r01","VATEX","BT-121","BT-121","","","","","","","BT-121: code list issued and maintained by the Connecting Europe Facility"
"01_2019-03-15/r01","Unit","BT-130 BT-150","BT-130 BT-150","","","","","","","BT-130: UN/ECE Recommendations 20 and 21; derived for BT-150, which shall be the same as BT-130"
"02_2019-06-17/r01","Country","BT-40 BT-55 BT-69 BT-80 BT-159","BT-40 BT-55 BT-69 BT-80 BT-159","","","","","","","country codes: EN ISO 3166-1"
"02_2019-06-17/r01","Currency","BT-5 BT-6","BT-5 BT-6","","","","","","","BT-5 and BT-6: ISO 4217"
"02_2019-06-17/r01","ICD","BT-29-1 BT-30-1 BT-46-1 BT-47-1 BT-60-1 BT-61-1 BT-71-1 BT-157-1","BT-29-1 BT-30-1 BT-46-1 BT-47-1 BT-60-1 BT-61-1 BT-71-1 BT-157-1","","","","","","","scheme identifier sub-rows: list published by the ISO/IEC 6523 maintenance agency"
"02_2019-06-17/r01","1001","BT-3","BT-3","","","","","","","BT-3 usage note: entries in UNTDID 1001"
"02_2019-06-17/r01","1153","BT-18-1 BT-128-1","BT-18-1 BT-128-1","","","","","","","scheme identifier sub-rows of BT-18 and BT-128: UNTDID 1153"
"02_2019-06-17/r01","VAT ID","BT-31 BT-48 BT-63","BT-31 BT-48 BT-63","","","","","","","BT-48 and BT-63: VAT number prefixed by an ISO 3166-1 country code; derived for BT-31, whose note says only: prefixed by a country code"
"02_2019-06-17/r01","VAT CAT","BT-95 BT-102 BT-118 BT-151","","BT-95 BT-102 BT-118 BT-151","","","","BT-95 (5305) BT-102 (5305) BT-118 (5305) BT-151 (5305)","","Table 2 names no code list for the tax scheme; the VAT category codes of BT-95, BT-102, BT-118 and BT-151 are UNTDID 5305"
"02_2019-06-17/r01","Time","BT-8","BT-8","","","","","","","BT-8 usage note: entries of UNTDID 2005"
"02_2019-06-17/r01","Text","BT-21","BT-21","","","","","","","BT-21 usage note: entries in UNTDID 4451"
"02_2019-06-17/r01","Payment","BT-81","BT-81","","","","","","","BT-81 usage note: UNTDID 4461"
"02_2019-06-17/r01","5305","BT-95 BT-102 BT-118 BT-151","BT-95 BT-102 BT-118 BT-151","","","","","BT-95 (VAT CAT) BT-102 (VAT CAT) BT-118 (VAT CAT) BT-151 (VAT CAT)","","usage notes: the following entries of UNTDID 5305 are used"
"02_2019-06-17/r01","Allowance","BT-98 BT-140","BT-98 BT-140","","","","","","","usage notes: entries of the UNTDID 5189 code list"
"02_2019-06-17/r01","Item","BT-158-1","BT-158-1","","","","","","","scheme identifier sub-row of BT-158: entries in UNTDID 7143"
"02_2019-06-17/r01","Charge","BT-105 BT-145","BT-105 BT-145","","","","","","","usage notes: entries of the UNTDID 7161 code list"
"02_2019-06-17/r01","MIME","BT-125-1","BT-125-1","","","","","","","sub-row of BT-125: attached document Mime code"
"02_2019-06-17/r01","EAS","BT-34-1 BT-49-1","BT-34-1 BT-49-1","","","","","","","scheme identifier sub-rows of BT-34 and BT-49: list maintained by the Connecting Europe Facility"
"02_2019-06-17/r01","VATEX","BT-121","BT-121","","","","","","","BT-121: code list issued and maintained by the Connecting Europe Facility"
"02_2019-06-17/r01","Unit","BT-130 BT-150","BT-130 BT-150","","","","","","","BT-130: UN/ECE Recommendations 20 and 21; derived for BT-150, which shall be the same as BT-130"
"03_2019-11-15/r01","Country","BT-40 BT-55 BT-69 BT-80 BT-159","BT-40 BT-55 BT-69 BT-80 BT-159","","","","","","","country codes: EN ISO 3166-1"
"03_2019-11-15/r01","Currency","BT-5 BT-6","BT-5 BT-6","","","","","","","BT-5 and BT-6: ISO 4217"
"03_2019-11-15/r01","ICD","BT-29-1 BT-30-1 BT-46-1 BT-47-1 BT-60-1 BT-61-1 BT-71-1 BT-157-1","BT-29-1 BT-30-1 BT-46-1 BT-47-1 BT-60-1 BT-61-1 BT-71-1 BT-157-1","","","","","","","scheme identifier sub-rows: list published by the ISO/IEC 6523 maintenance agency"
"03_2019-11-15/r01","1001","BT-3","BT-3","","","","","","","BT-3 usage note: entries in UNTDID 1001"
"03_2019-11-15/r01","1153","BT-18-1 BT-128-1","BT-18-1 BT-128-1","","","","","","","scheme identifier sub-rows of BT-18 and BT-128: UNTDID 1153"
"03_2019-11-15/r01","VAT ID","BT-31 BT-48 BT-63","BT-31 BT-48 BT-63","","","","","","","BT-48 and BT-63: VAT number prefixed by an ISO 3166-1 country code; derived for BT-31, whose note says only: prefixed by a country code"
"03_2019-11-15/r01","VAT CAT","BT-95 BT-102 BT-118 BT-151","","BT-95 BT-102 BT-118 BT-151","","","","BT-95 (5305) BT-102 (5305) BT-118 (5305) BT-151 (5305)","","Table 2 names no code list for the tax scheme; the VAT category codes of BT-95, BT-102, BT-118 and BT-151 are UNTDID 5305"
"03_2019-11-15/r01","Time","BT-8","BT-8","","","","","","","BT-8 usage note: entries of UNTDID 2005"
"03_2019-11-15/r01","Text","BT-21","BT-21","","","","","","","BT-21 usage note: entries in UNTDID 4451"
"03_2019-11-15/r01","Payment","BT-81","BT-81","","","","","","","BT-81 usage note: UNTDID 4461"
"03_2019-11-15/r01","5305","BT-95 BT-102 BT-118 BT-151","BT-95 BT-102 BT-118 BT-151","","","","","BT-95 (VAT CAT) BT-102 (VAT CAT) BT-118 (VAT CAT) BT-151 (VAT CAT)","","usage notes: the following entries of UNTDID 5305 are used"
"03_2019-11-15/r01","Allowance","BT-98 BT-140","BT-98 BT-140","","","","","","","usage notes: entries of the UNTDID 5189 code list"
"03_2019-11-15/r01","Item","BT-158-1","BT-158-1","","","","","","","scheme identifier sub-row of BT-158: entries in UNTDID 7143"
"03_2019-11-15/r01","Charge","BT-105 BT-145","BT-105 BT-145","","","","","","","usage notes: entries of the UNTDID 7161 code list"
"03_2019-11-15/r01","MIME","BT-125-1","BT-125-1","","","","","","","sub-row of BT-125: attached document Mime code"
"03_2019-11-15/r01","EAS","BT-34-1 BT-49-1","BT-34-1 BT-49-1","","","","","","","scheme identifier sub-rows of BT-34 and BT-49: list maintained by the Connecting Europe Facility"
"03_2019-11-15/r01","VATEX","BT-121","BT-121","","","","","","","BT-121: code list issued and maintained by the Connecting Europe Facility"
"03_2019-11-15/r01","Unit","BT-130 BT-150","BT-130 BT-150","","","","","","","BT-130: UN/ECE Recommendations 20 and 21; derived for BT-150, which shall be the same as BT-130"
"04_2020-05-15/r01","Country","BT-40 BT-55 BT-69 BT-80 BT-159","BT-40 BT-55 BT-69 BT-80 BT-159","","","","","","","country codes: EN ISO 3166-1"
"04_2020-05-15/r01","Currency","BT-5 BT-6","BT-5 BT-6","","","","","","","BT-5 and BT-6: ISO 4217"
"04_2020-05-15/r01","ICD","BT-29-1 BT-30-1 BT-46-1 BT-47-1 BT-60-1 BT-61-1 BT-71-1 BT-157-1","BT-29-1 BT-30-1 BT-46-1 BT-47-1 BT-60-1 BT-61-1 BT-71-1 BT-157-1","","","","","","","scheme identifier sub-rows: list published by the ISO/IEC 6523 maintenance agency"
"04_2020-05-15/r01","1001","BT-3","BT-3","","","","","","","BT-3 usage note: entries in UNTDID 1001"
"04_2020-05-15/r01","1153","BT-18-1 BT-128-1","BT-18-1 BT-128-1","","","","","","","scheme identifier sub-rows of BT-18 and BT-128: UNTDID 1153"
"04_2020-05-15/r01","VAT ID","BT-31 BT-48 BT-63","BT-31 BT-48 BT-63","","","","","","","BT-48 and BT-63: VAT number prefixed by an ISO 3166-1 country code; derived for BT-31, whose note says only: prefixed by a country code"
"04_2020-05-15/r01","VAT CAT","BT-95 BT-102 BT-118 BT-151","","BT-95 BT-102 BT-118 BT-151","","","","BT-95 (5305) BT-102 (5305) BT-118 (5305) BT-151 (5305)","","Table 2 names no code list for the tax scheme; the VAT category codes of BT-95, BT-102, BT-118 and BT-151 are UNTDID 5305"
"04_2020-05-15/r01","Time","BT-8","BT-8","","","","","","","BT-8 usage note: entries of UNTDID 2005"
"04_2020-05-15/r01","Text","BT-21","BT-21","","","","","","","BT-21 usage note: entries in UNTDID 4451"
"04_2020-05-15/r01","Payment","BT-81","BT-81","","","","","","","BT-81 usage note: UNTDID 4461"
"04_2020-05-15/r01","5305","BT-95 BT-102 BT-118 BT-151","BT-95 BT-102 BT-118 BT-151","","","","","BT-95 (VAT CAT) BT-102 (VAT CAT) BT-118 (VAT CAT) BT-151 (VAT CAT)","","usage notes: the following entries of UNTDID 5305 are used"
"04_2020-05-15/r01","Allowance","BT-98 BT-140","BT-98 BT-140","","","","","","","usage notes: entries of the UNTDID 5189 code list"
"04_2020-05-15/r01","Item","BT-158-1","BT-158-1","","","","","","","scheme identifier sub-row of BT-158: entries in UNTDID 7143"
"04_2020-05-15/r01","Charge","BT-105 BT-145","BT-105 BT-145","","","","","","","usage notes: entries of the UNTDID 7161 code list"
"04_2020-05-15/r01","MIME","BT-125-1","BT-125-1","","","","","","","sub-row of BT-125: attached document Mime code"
"04_2020-05-15/r01","EAS","BT-34-1 BT-49-1","BT-34-1 BT-49-1","","","","","","","scheme identifier sub-rows of BT-34 and BT-49: list maintained by the Connecting Europe Facility"
"04_2020-05-15/r01","VATEX","BT-121","BT-121","","","","","","","BT-121: code list issued and maintained by the Connecting Europe Facility"
"04_2020-05-15/r01","Unit","BT-130 BT-150","BT-130 BT-150","","","","","","","BT-130: UN/ECE Recommendations 20 and 21; derived for BT-150, which shall be the same as BT-130"
"05_2020-06-30/r01","Country","BT-40 BT-55 BT-69 BT-80 BT-159","BT-40 BT-55 BT-69 BT-80 BT-159","","","","","","","country codes: EN ISO 3166-1"
"05_2020-06-30/r01","Currency","BT-5 BT-6","BT-5 BT-6","","","","","","","BT-5 and BT-6: ISO 4217"
"05_2020-06-30/r01","ICD","BT-29-1 BT-30-1 BT-46-1 BT-47-1 BT-60-1 BT-61-1 BT-71-1 BT-157-1","BT-29-1 BT-30-1 BT-46-1 BT-47-1 BT-60-1 BT-61-1 BT-71-1 BT-157-1","","","","","","","scheme identifier sub-rows: list published by the ISO/IEC 6523 maintenance agency"
"05_2020-06-30/r01","1001","BT-3","BT-3","","","","","","","BT-3 usage note: entries in UNTDID 1001"
"05_2020-06-30/r01","1153","BT-18-1 BT-128-1","BT-18-1 BT-128-1","","","","","","","scheme identifier sub-rows of BT-18 and BT-128: UNTDID 1153"
"05_2020-06-30/r01","VAT ID","BT-31 BT-48 BT-63","BT-31 BT-48 BT-63","","","","","","","BT-48 and BT-63: VAT number prefixed by an ISO 3166-1 country code; derived for BT-31, whose note says only: prefixed by a country code"
"05_2020-06-30/r01","VAT CAT","BT-95 BT-102 BT-118 BT-151","","BT-95 BT-102 BT-118 BT-151","","","","BT-95 (5305) BT-102 (5305) BT-118 (5305) BT-151 (5305)","","Table 2 names no code list for the tax scheme; the VAT category codes of BT-95, BT-102, BT-118 and BT-151 are UNTDID 5305"
"05_2020-06-30/r01","Time","BT-8","BT-8","","","","","","","BT-8 usage note: entries of UNTDID 2005"
"05_2020-06-30/r01","Text","BT-21","BT-21","","","","","","","BT-21 usage note: entries in UNTDID 4451"
"05_2020-06-30/r01","Payment","BT-81","BT-81","","","","","","","BT-81 usage note: UNTDID 4461"
"05_2020-06-30/r01","5305","BT-95 BT-102 BT-118 BT-151","BT-95 BT-102 BT-118 BT-151","","","","","BT-95 (VAT CAT) BT-102 (VAT CAT) BT-118 (VAT CAT) BT-151 (VAT CAT)","","usage notes: the following entries of UNTDID 5305 are used"
"05_2020-06-30/r01","Allowance","BT-98 BT-140","BT-98 BT-140","","","","","","","usage notes: entries of the UNTDID 5189 code list"
"05_2020-06-30/r01","Item","BT-158-1","BT-158-1","","","","","","","scheme identifier sub-row of BT-158: entries in UNTDID 7143"
"05_2020-06-30/r01","Charge","BT-105 BT-145","BT-105 BT-145","","","","","","","usage notes: entries of the UNTDID 7161 code list"
"05_2020-06-30/r01","MIME","BT-125-1","BT-125-1","","","","","","","sub-row of BT-125: attached document Mime code"
"05_2020-06-30/r01","EAS","BT-34-1 BT-49-1","BT-34-1 BT-49-1","","","","","","","scheme identifier sub-rows of BT-34 and BT-49: list maintained by the Connecting Europe Facility"
"05_2020-06-30/r01","VATEX","BT-121","BT-121","","","","","","","BT-121: code list issued and maintained by the Connecting Europe Facility"
"05_2020-06-30/r01","Unit","BT-130 BT-150","BT-130 BT-150","","","","","","","BT-130: UN/ECE Recommendations 20 and 21; derived for BT-150, which shall be the same as BT-130"
"06_2020-11-16/r01","Country","BT-40 BT-55 BT-69 BT-80 BT-159","BT-40 BT-55 BT-69 BT-80 BT-159","","","","","","","country codes: EN ISO 3166-1"
"06_2020-11-16/r01","Currency","BT-5 BT-6","BT-5 BT-6","","","","","","","BT-5 and BT-6: ISO 4217"
"06_2020-11-16/r01","ICD","BT-29-1 BT-30-1 BT-46-1 BT-47-1 BT-60-1 BT-61-1 BT-71-1 BT-157-1","BT-29-1 BT-30-1 BT-46-1 BT-47-1 BT-60-1 BT-61-1 BT-71-1 BT-157-1","","","","","","","scheme identifier sub-rows: list published by the ISO/IEC 6523 maintenance agency"
"06_2020-11-16/r01","1001","BT-3","BT-3","","","","","","","BT-3 usage note: entries in UNTDID 1001"
"06_2020-11-16/r01","1153","BT-18-1 BT-128-1","BT-18-1 BT-128-1","","","","","","","scheme identifier sub-rows of BT-18 and BT-128: UNTDID 1153"
"06_2020-11-16/r01","VAT ID","BT-31 BT-48 BT-63","BT-31 BT-48 BT-63","","","","","","","BT-48 and BT-63: VAT number prefixed by an ISO 3166-1 country code; derived for BT-31, whose note says only: prefixed by a country code"
"06_2020-11-16/r01","VAT CAT","BT-95 BT-102 BT-118 BT-151","","BT-95 BT-102 BT-118 BT-151","","","","BT-95 (5305) BT-102 (5305) BT-118 (5305) BT-151 (5305)","","Table 2 names no code list for the tax scheme; the VAT category codes of BT-95, BT-102, BT-118 and BT-151 are UNTDID 5305"
"06_2020-11-16/r01","Time","BT-8","BT-8","","","","","","","BT-8 usage note: entries of UNTDID 2005"
"06_2020-11-16/r01","Text","BT-21","BT-21","","","","","","","BT-21 usage note: entries in UNTDID 4451"
"06_2020-11-16/r01","Payment","BT-81","BT-81","","","","","","","BT-81 usage note: UNTDID 4461"
"06_2020-11-16/r01","5305","BT-95 BT-102 BT-118 BT-151","BT-95 BT-102 BT-118 BT-151","","","","","BT-95 (VAT CAT) BT-102 (VAT CAT) BT-118 (VAT CAT) BT-151 (VAT CAT)","","usage notes: the following entries of UNTDID 5305 are used"
"06_2020-11-16/r01","Allowance","BT-98 BT-140","BT-98 BT-140","","","","","","","usage notes: entries of the UNTDID 5189 code list"
"06_2020-11-16/r01","Item","BT-158-1","BT-158-1","","","","","","","scheme identifier sub-row of BT-158: entries in UNTDID 7143"
"06_2020-11-16/r01","Charge","BT-105 BT-145","BT-105 BT-145","","","","","","","usage notes: entries of the UNTDID 7161 code list"
"06_2020-11-16/r01","MIME","BT-125-1","BT-125-1","","","","","","","sub-row of BT-125: attached document Mime code"
"06_2020-11-16/r01","EAS","BT-34-1 BT-49-1","BT-34-1 BT-49-1","","","","","","","scheme identifier sub-rows of BT-34 and BT-49: list maintained by the Connecting Europe Facility"
"06_2020-11-16/r01","VATEX","BT-121","BT-121","","","","","","","BT-121: code list issued and maintained by the Connecting Europe Facility"
"06_2020-11-16/r01","Unit","BT-130 BT-150","BT-130 BT-150","","","","","","","BT-130: UN/ECE Recommendations 20 and 21; derived for BT-150, which shall be the same as BT-130"
"06_2020-11-16/r02","Country","BT-40 BT-55 BT-69 BT-80 BT-159","BT-40 BT-55 BT-69 BT-80 BT-159","","","","","","","country codes: EN ISO 3166-1"
"06_2020-11-16/r02","Currency","BT-5 BT-6","BT-5 BT-6","","","","","","","BT-5 and BT-6: ISO 4217"
"06_2020-11-16/r02","ICD","BT-29-1 BT-30-1 BT-46-1 BT-47-1 BT-60-1 BT-61-1 BT-71-1 BT-157-1","BT-29-1 BT-30-1 BT-46-1 BT-47-1 BT-60-1 BT-61-1 BT-71-1 BT-157-1","","","","","","","scheme identifier sub-rows: list published by the ISO/IEC 6523 maintenance agency"
"06_2020-11-16/r02","1001","BT-3","BT-3","","","","","","","BT-3 usage note: entries in UNTDID 1001"
"06_2020-11-16/r02","1153","BT-18-1 BT-128-1","BT-18-1 BT-128-1","","","","","","","scheme identifier sub-rows of BT-18 and BT-128: UNTDID 1153"
"06_2020-11-16/r02","VAT ID","BT-31 BT-48 BT-63","BT-31 BT-48 BT-63","","","","","","","BT-48 and BT-63: VAT number prefixed by an ISO 3166-1 country code; derived for BT-31, whose note says only: prefixed by a country code"
"06_2020-11-16/r02","VAT CAT","BT-95 BT-102 BT-118 BT-151","","BT-95 BT-102 BT-118 BT-151","","","","BT-95 (5305) BT-102 (5305) BT-118 (5305) BT-151 (5305)","","Table 2 names no code list for the tax scheme; the VAT category codes of BT-95, BT-102, BT-118 and BT-151 are UNTDID 5305"
"06_2020-11-16/r02","Time","BT-8","BT-8","","","","","","","BT-8 usage note: entries of UNTDID 2005"
"06_2020-11-16/r02","Text","BT-21","BT-21","","","","","","","BT-21 usage note: entries in UNTDID 4451"
"06_2020-11-16/r02","Payment","BT-81","BT-81","","","","","","","BT-81 usage note: UNTDID 4461"
"06_2020-11-16/r02","5305","BT-95 BT-102 BT-118 BT-151","BT-95 BT-102 BT-118 BT-151","","","","","BT-95 (VAT CAT) BT-102 (VAT CAT) BT-118 (VAT CAT) BT-151 (VAT CAT)","","usage notes: the following entries of UNTDID 5305 are used"
"06_2020-11-16/r02","Allowance","BT-98 BT-140","BT-98 BT-140","","","","","","","usage notes: entries of the UNTDID 5189 code list"
"06_2020-11-16/r02","Item","BT-158-1","BT-158-1","","","","","","","scheme identifier sub-row of BT-158: entries in UNTDID 7143"
"06_2020-11-16/r02","Charge","BT-105 BT-145","BT-105 BT-145","","","","","","","usage notes: entries of the UNTDID 7161 code list"
"06_2020-11-16/r02","MIME","BT-125-1","BT-125-1","","","","","","","sub-row of BT-125: attached document Mime code"
"06_2020-11-16/r02","EAS","BT-34-1 BT-49-1","BT-34-1 BT-49-1","","","","","","","scheme identifier sub-rows of BT-34 and BT-49: list maintained by the Connecting Europe Facility"
"06_2020-11-16/r02","VATEX","BT-121","BT-121","","","","","","","BT-121: code list issued and maintained by the Connecting Europe Facility"
"06_2020-11-16/r02","Unit","BT-130 BT-150","BT-130 BT-150","","","","","","","BT-130: UN/ECE Recommendations 20 and 21; derived for BT-150, which shall be the same as BT-130"
"07_2021-05-17/r01","Country","BT-40 BT-55 BT-69 BT-80 BT-159","BT-40 BT-55 BT-69 BT-80 BT-159","","","","","","","country codes: EN ISO 3166-1"
"07_2021-05-17/r01","Currency","BT-5 BT-6","BT-5 BT-6","","","","","","","BT-5 and BT-6: ISO 4217"
"07_2021-05-17/r01","ICD","BT-29-1 BT-30-1 BT-46-1 BT-47-1 BT-60-1 BT-61-1 BT-71-1 BT-157-1","BT-29-1 BT-30-1 BT-46-1 BT-47-1 BT-60-1 BT-61-1 BT-71-1 BT-157-1","","","","","","","scheme identifier sub-rows: list published by the ISO/IEC 6523 maintenance agency"
"07_2021-05-17/r01","1001","BT-3","BT-3","","","","","","","BT-3 usage note: entries in UNTDID 1001"
"07_2021-05-17/r01","1153","BT-18-1 BT-128-1","BT-18-1 BT-128-1","","","","","","","scheme identifier sub-rows of BT-18 and BT-128: UNTDID 1153"
"07_2021-05-17/r01","VAT ID","BT-31 BT-48 BT-63","BT-31 BT-48 BT-63","","","","","","","BT-48 and BT-63: VAT number prefixed by an ISO 3166-1 country code; derived for BT-31, whose note says only: prefixed by a country code"
"07_2021-05-17/r01","VAT CAT","BT-95 BT-102 BT-118 BT-151","","BT-95 BT-102 BT-118 BT-151","","","","BT-95 (5305) BT-102 (5305) BT-118 (5305) BT-151 (5305)","","Table 2 names no code list for the tax scheme; the VAT category codes of BT-95, BT-102, BT-118 and BT-151 are UNTDID 5305"
"07_2021-05-17/r01","Time","BT-8","BT-8","","","","","","","BT-8 usage note: entries of UNTDID 2005"
"07_2021-05-17/r01","Text","BT-21","BT-21","","","","","","","BT-21 usage note: entries in UNTDID 4451"
"07_2021-05-17/r01","Payment","BT-81","BT-81","","","","","","","BT-81 usage note: UNTDID 4461"
"07_2021-05-17/r01","5305","BT-95 BT-102 BT-118 BT-151","BT-95 BT-102 BT-118 BT-151","","","","","BT-95 (VAT CAT) BT-102 (VAT CAT) BT-118 (VAT CAT) BT-151 (VAT CAT)","","usage notes: the following entries of UNTDID 5305 are used"
"07_2021-05-17/r01","Allowance","BT-98 BT-140","BT-98 BT-140","","","","","","","usage notes: entries of the UNTDID 5189 code list"
"07_2021-05-17/r01","Item","BT-158-1","BT-158-1","","","","","","","scheme identifier sub-row of BT-158: entries in UNTDID 7143"
"07_2021-05-17/r01","Charge","BT-105 BT-145","BT-105 BT-145","","","","","","","usage notes: entries of the UNTDID 7161 code list"
"07_2021-05-17/r01","MIME","BT-125-1","BT-125-1","","","","","","","sub-row of BT-125: attached document Mime code"
"07_2021-05-17/r01","EAS","BT-34-1 BT-49-1","BT-34-1 BT-49-1","","","","","","","scheme identifier sub-rows of BT-34 and BT-49: list maintained by the Connecting Europe Facility"
"07_2021-05-17/r01","VATEX","BT-121","BT-121","","","","","","","BT-121: code list issued and maintained by the Connecting Europe Facility"
"07_2021-05-17/r01","Unit","BT-130 BT-150","BT-130 BT-150","","","","","","","BT-130: UN/ECE Recommendations 20 and 21; derived for BT-150, which shall be the same as BT-130"
"08_2021-11-15/r01","Country","BT-40 BT-55 BT-69 BT-80 BT-159","BT-40 BT-55 BT-69 BT-80 BT-159","","","","","","","country codes: EN ISO 3166-1"
"08_2021-11-15/r01","Currency","BT-5 BT-6","BT-5 BT-6","","","","","","","BT-5 and BT-6: ISO 4217"
"08_2021-11-15/r01","ICD","BT-29-1 BT-30-1 BT-46-1 BT-47-1 BT-60-1 BT-61-1 BT-71-1 BT-157-1","BT-29-1 BT-30-1 BT-46-1 BT-47-1 BT-60-1 BT-61-1 BT-71-1 BT-157-1","","","","","","","scheme identifier sub-rows: list published by the ISO/IEC 6523 maintenance agency"
"08_2021-11-15/r01","1001","BT-3","BT-3","","","","","","","BT-3 usage note: entries in UNTDID 1001"
"08_2021-11-15/r01","1153","BT-18-1 BT-128-1","BT-18-1 BT-128-1","","","","","","","scheme identifier sub-rows of BT-18 and BT-128: UNTDID 1153"
"08_2021-11-15/r01","VAT ID","BT-31 BT-48 BT-63","BT-31 BT-48 BT-63","","","","","","","BT-48 and BT-63: VAT number prefixed by an ISO 3166-1 country code; derived for BT-31, whose note says only: prefixed by a country code"
"08_2021-11-15/r01","VAT CAT","BT-95 BT-102 BT-118 BT-151","","BT-95 BT-102 BT-118 BT-151","","","","BT-95 (5305) BT-102 (5305) BT-118 (5305) BT-151 (5305)","","Table 2 names no code list for the tax scheme; the VAT category codes of BT-95, BT-102, BT-118 and BT-151 are UNTDID 5305"
"08_2021-11-15/r01","Time","BT-8","BT-8","","","","","","","BT-8 usage note: entries of UNTDID 2005"
"08_2021-11-15/r01","Text","BT-21","BT-21","","","","","","","BT-21 usage note: entries in UNTDID 4451"
"08_2021-11-15/r01","Payment","BT-81","BT-81","","","","","","","BT-81 usage note: UNTDID 4461"
"08_2021-11-15/r01","5305","BT-95 BT-102 BT-118 BT-151","BT-95 BT-102 BT-118 BT-151","","","","","BT-95 (VAT CAT) BT-102 (VAT CAT) BT-118 (VAT CAT) BT-151 (VAT CAT)","","usage notes: the following entries of UNTDID 5305 are used"
"08_2021-11-15/r01","Allowance","BT-98 BT-140","BT-98 BT-140","","","","","","","usage notes: entries of the UNTDID 5189 code list"
"08_2021-11-15/r01","Item","BT-158-1","BT-158-1","","","","","","","scheme identifier sub-row of BT-158: entries in UNTDID 7143"
"08_2021-11-15/r01","Charge","BT-105 BT-145","BT-105 BT-145","","","","","","","usage notes: entries of the UNTDID 7161 code list"
"08_2021-11-15/r01","MIME","BT-125-1","BT-125-1","","","","","","","sub-row of BT-125: attached document Mime code"
"08_2021-11-15/r01","EAS","BT-34-1 BT-49-1","BT-34-1 BT-49-1","","","","","","","scheme identifier sub-rows of BT-34 and BT-49: list maintained by the Connecting Europe Facility"
"08_2021-11-15/r01","VATEX","BT-121","BT-121","","","","","","","BT-121: code list issued and maintained by the Connecting Europe Facility"
"08_2021-11-15/r01","Unit","BT-130 BT-150","BT-130 BT-150","","","","","","","BT-130: UN/ECE Recommendations 20 and 21; derived for BT-150, which shall be the same as BT-130"
"09_2022-05-16/r01","Country","BT-40 BT-55 BT-69 BT-80 BT-159","BT-40 BT-55 BT-69 BT-80 BT-159","","","","","","","country codes: EN ISO 3166-1"
"09_2022-05-16/r01","Currency","BT-5 BT-6","BT-5 BT-6","","","","","","","BT-5 and BT-6: ISO 4217"
"09_2022-05-16/r01","ICD","BT-29-1 BT-30-1 BT-46-1 BT-47-1 BT-60-1 BT-61-1 BT-71-1 BT-157-1","BT-29-1 BT-30-1 BT-46-1 BT-47-1 BT-60-1 BT-61-1 BT-71-1 BT-157-1","","","","","","","scheme identifier sub-rows: list published by the ISO/IEC 6523 maintenance agency"
"09_2022-05-16/r01","1001","BT-3","BT-3","","","","","","","BT-3 usage note: entries in UNTDID 1001"
"09_2022-05-16/r01","1153","BT-18-1 BT-128-1","BT-18-1 BT-128-1","","","","","","","scheme identifier sub-rows of BT-18 and BT-128: UNTDID 1153"
"09_2022-05-16/r01","VAT ID","BT-31 BT-48 BT-63","BT-31 BT-48 BT-63","","","","","","","BT-48 and BT-63: VAT number prefixed by an ISO 3166-1 country code; derived for BT-31, whose note says only: prefixed by a country code"
"09_2022-05-16/r01","VAT CAT","BT-95 BT-102 BT-118 BT-151","","BT-95 BT-102 BT-118 BT-151","","","","BT-95 (5305) BT-102 (5305) BT-118 (5305) BT-151 (5305)","","Table 2 names no code list for the tax scheme; the VAT category codes of BT-95, BT-102, BT-118 and BT-151 are UNTDID 5305"
"09_2022-05-16/r01","Time","BT-8","BT-8","","","","","","","BT-8 usage note: entries of UNTDID 2005"
"09_2022-05-16/r01","Text","BT-21","BT-21","","","","","","","BT-21 usage note: entries in UNTDID 4451"
"09_2022-05-16/r01","Payment","BT-81","BT-81","","","","","","","BT-81 usage note: UNTDID 4461"
"09_2022-05-16/r01","5305","BT-95 BT-102 BT-118 BT-151","BT-95 BT-102 BT-118 BT-151","","","","","BT-95 (VAT CAT) BT-102 (VAT CAT) BT-118 (VAT CAT) BT-151 (VAT CAT)","","usage notes: the following entries of UNTDID 5305 are used"
"09_2022-05-16/r01","Allowance","BT-98 BT-140","BT-98 BT-140","","","","","","","usage notes: entries of the UNTDID 5189 code list"
"09_2022-05-16/r01","Item","BT-158-1","BT-158-1","","","","","","","scheme identifier sub-row of BT-158: entries in UNTDID 7143"
"09_2022-05-16/r01","Charge","BT-105 BT-145","BT-105 BT-145","","","","","","","usage notes: entries of the UNTDID 7161 code list"
"09_2022-05-16/r01","MIME","BT-125-1","BT-125-1","","","","","","","sub-row of BT-125: attached document Mime code"
"09_2022-05-16/r01","EAS","BT-34-1 BT-49-1","BT-34-1 BT-49-1","","","","","","","scheme identifier sub-rows of BT-34 and BT-49: list maintained by the Connecting Europe Facility"
"09_2022-05-16/r01","VATEX","BT-121","BT-121","","","","","","","BT-121: code list issued and maintained by the Connecting Europe Facility"
"09_2022-05-16/r01","Unit","BT-130 BT-150","BT-130 BT-150","","","","","","","BT-130: UN/ECE Recommendations 20 and 21; derived for BT-150, which shall be the same as BT-130"
"10_2022-11-15/r01","Country","BT-40 BT-55 BT-69 BT-80 BT-159","BT-40 BT-55 BT-69 BT-80 BT-159","","","","","","","country codes: EN ISO 3166-1"
"10_2022-11-15/r01","Currency","BT-5 BT-6","BT-5 BT-6","","","","","","","BT-5 and BT-6: ISO 4217"
"10_2022-11-15/r01","ICD","BT-29-1 BT-30-1 BT-46-1 BT-47-1 BT-60-1 BT-61-1 BT-71-1 BT-157-1","BT-29-1 BT-30-1 BT-46-1 BT-47-1 BT-60-1 BT-61-1 BT-71-1 BT-157-1","","","","","","","scheme identifier sub-rows: list published by the ISO/IEC 6523 maintenance agency"
"10_2022-11-15/r01","1001","BT-3","BT-3","","","","","","","BT-3 usage note: entries in UNTDID 1001"
"10_2022-11-15/r01","1153","BT-18-1 BT-128-1","BT-18-1 BT-128-1","","","","","","","scheme identifier sub-rows of BT-18 and BT-128: UNTDID 1153"
"10_2022-11-15/r01","VAT ID","BT-31 BT-48 BT-63","BT-31 BT-48 BT-63","","","","","","","BT-48 and BT-63: VAT number prefixed by an ISO 3166-1 country code; derived for BT-31, whose note says only: prefixed by a country code"
"10_2022-11-15/r01","VAT CAT","BT-95 BT-102 BT-118 BT-151","","BT-95 BT-102 BT-118 BT-151","","","","BT-95 (5305) BT-102 (5305) BT-118 (5305) BT-151 (5305)","","Table 2 names no code list for the tax scheme; the VAT category codes of BT-95, BT-102, BT-118 and BT-151 are UNTDID 5305"
"10_2022-11-15/r01","Time","BT-8","BT-8","","","","","","","BT-8 usage note: entries of UNTDID 2005"
"10_2022-11-15/r01","Text","BT-21","BT-21","","","","","","","BT-21 usage note: entries in UNTDID 4451"
"10_2022-11-15/r01","Payment","BT-81","BT-81","","","","","","","BT-81 usage note: UNTDID 4461"
"10_2022-11-15/r01","5305","BT-95 BT-102 BT-118 BT-151","BT-95 BT-102 BT-118 BT-151","","","","","BT-95 (VAT CAT) BT-102 (VAT CAT) BT-118 (VAT CAT) BT-151 (VAT CAT)","","usage notes: the following entries of UNTDID 5305 are used"
"10_2022-11-15/r01","Allowance","BT-98 BT-140","BT-98 BT-140","","","","","","","usage notes: entries of the UNTDID 5189 code list"
"10_2022-11-15/r01","Item","BT-158-1","BT-158-1","","","","","","","scheme identifier sub-row of BT-158: entries in UNTDID 7143"
"10_2022-11-15/r01","Charge","BT-105 BT-145","BT-105 BT-145","","","","","","","usage notes: entries of the UNTDID 7161 code list"
"10_2022-11-15/r01","MIME","BT-125-1","BT-125-1","","","","","","","sub-row of BT-125: attached document Mime code"
"10_2022-11-15/r01","EAS","BT-34-1 BT-49-1","BT-34-1 BT-49-1","","","","","","","scheme identifier sub-rows of BT-34 and BT-49: list maintained by the Connecting Europe Facility"
"10_2022-11-15/r01","VATEX","BT-121","BT-121","","","","","","","BT-121: code list issued and maintained by the Connecting Europe Facility"
"10_2022-11-15/r01","Unit","BT-130 BT-150","BT-130 BT-150","","","","","","","BT-130: UN/ECE Recommendations 20 and 21; derived for BT-150, which shall be the same as BT-130"
"11_2023-05-15/r01","Country","BT-40 BT-55 BT-69 BT-80 BT-159","BT-40 BT-55 BT-69 BT-80 BT-159","","","","","","","country codes: EN ISO 3166-1"
"11_2023-05-15/r01","Currency","BT-5 BT-6","BT-5 BT-6","","","","","","","BT-5 and BT-6: ISO 4217"
"11_2023-05-15/r01","ICD","BT-29-1 BT-30-1 BT-46-1 BT-47-1 BT-60-1 BT-61-1 BT-71-1 BT-157-1","BT-29-1 BT-30-1 BT-46-1 BT-47-1 BT-60-1 BT-61-1 BT-71-1 BT-157-1","","","","","","","scheme identifier sub-rows: list published by the ISO/IEC 6523 maintenance agency"
"11_2023-05-15/r01","1001","BT-3","BT-3","","","","","","","BT-3 usage note: entries in UNTDID 1001"
"11_2023-05-15/r01","1153","BT-18-1 BT-128-1","BT-18-1 BT-128-1","","","","","","","scheme identifier sub-rows of BT-18 and BT-128: UNTDID 1153"
"11_2023-05-15/r01","VAT ID","BT-31 BT-48 BT-63","BT-31 BT-48 BT-63","","","","","","","BT-48 and BT-63: VAT number prefixed by an ISO 3166-1 country code; derived for BT-31, whose note says only: prefixed by a country code"
"11_2023-05-15/r01","VAT CAT","BT-95 BT-102 BT-118 BT-151","","BT-95 BT-102 BT-118 BT-151","","","","BT-95 (5305) BT-102 (5305) BT-118 (5305) BT-151 (5305)","","Table 2 names no code list for the tax scheme; the VAT category codes of BT-95, BT-102, BT-118 and BT-151 are UNTDID 5305"
"11_2023-05-15/r01","Time","BT-8","BT-8","","","","","","","BT-8 usage note: entries of UNTDID 2005"
"11_2023-05-15/r01","Text","BT-21","BT-21","","","","","","","BT-21 usage note: entries in UNTDID 4451"
"11_2023-05-15/r01","Payment","BT-81","BT-81","","","","","","","BT-81 usage note: UNTDID 4461"
"11_2023-05-15/r01","5305","BT-95 BT-102 BT-118 BT-151","BT-95 BT-102 BT-118 BT-151","","","","","BT-95 (VAT CAT) BT-102 (VAT CAT) BT-118 (VAT CAT) BT-151 (VAT CAT)","","usage notes: the following entries of UNTDID 5305 are used"
"11_2023-05-15/r01","Allowance","BT-98 BT-140","BT-98 BT-140","","","","","","","usage notes: entries of the UNTDID 5189 code list"
"11_2023-05-15/r01","Item","BT-158-1","BT-158-1","","","","","","","scheme identifier sub-row of BT-158: entries in UNTDID 7143"
"11_2023-05-15/r01","Charge","BT-105 BT-145","BT-105 BT-145","","","","","","","usage notes: entries of the UNTDID 7161 code list"
"11_2023-05-15/r01","MIME","BT-125-1","BT-125-1","","","","","","","sub-row of BT-125: attached document Mime code"
"11_2023-05-15/r01","EAS","BT-34-1 BT-49-1","BT-34-1 BT-49-1","","","","","","","scheme identifier sub-rows of BT-34 and BT-49: list maintained by the Connecting Europe Facility"
"11_2023-05-15/r01","VATEX","BT-121","BT-121","","","","","","","BT-121: code list issued and maintained by the Connecting Europe Facility"
"11_2023-05-15/r01","Unit","BT-130 BT-150","BT-130 BT-150","","","","","","","BT-130: UN/ECE Recommendations 20 and 21; derived for BT-150, which shall be the same as BT-130"
"12_2023-11-15/r01","Country","BT-40 BT-55 BT-69 BT-80 BT-159","BT-40 BT-55 BT-69 BT-80 BT-159","","","","","","","country codes: EN ISO 3166-1"
"12_2023-11-15/r01","Currency","BT-5 BT-6","BT-5 BT-6","","","","","","","BT-5 and BT-6: ISO 4217"
"12_2023-11-15/r01","ICD","BT-29-1 BT-30-1 BT-46-1 BT-47-1 BT-60-1 BT-61-1 BT-71-1 BT-157-1","BT-29-1 BT-30-1 BT-46-1 BT-47-1 BT-60-1 BT-61-1 BT-71-1 BT-157-1","","","","","","","scheme identifier sub-rows: list published by the ISO/IEC 6523 maintenance agency"
"12_2023-11-15/r01","1001","BT-3","BT-3","","","","","","","BT-3 usage note: entries in UNTDID 1001"
"12_2023-11-15/r01","1153","BT-18-1 BT-128-1","BT-18-1 BT-128-1","","","","","","","scheme identifier sub-rows of BT-18 and BT-128: UNTDID 1153"
"12_2023-11-15/r01","VAT ID","BT-31 BT-48 BT-63","BT-31 BT-48 BT-63","","","","","","","BT-48 and BT-63: VAT number prefixed by an ISO 3166-1 country code; derived for BT-31, whose note says only: prefixed by a country code"
"12_2023-11-15/r01","VAT CAT","BT-95 BT-102 BT-118 BT-151","","BT-95 BT-102 BT-118 BT-151","","","","BT-95 (5305) BT-102 (5305) BT-118 (5305) BT-151 (5305)","","Table 2 names no code list for the tax scheme; the VAT category codes of BT-95, BT-102, BT-118 and BT-151 are UNTDID 5305"
"12_2023-11-15/r01","Time","BT-8","BT-8","","","","","","","BT-8 usage note: entries of UNTDID 2005"
"12_2023-11-15/r01","Text","BT-21","BT-21","","","","","","","BT-21 usage note: entries in UNTDID 4451"
"12_2023-11-15/r01","Payment","BT-81","BT-81","","","","","","","BT-81 usage note: UNTDID 4461"
"12_2023-11-15/r01","5305","BT-95 BT-102 BT-118 BT-151","BT-95 BT-102 BT-118 BT-151","","","","","BT-95 (VAT CAT) BT-102 (VAT CAT) BT-118 (VAT CAT) BT-151 (VAT CAT)","","usage notes: the following entries of UNTDID 5305 are used"
"12_2023-11-15/r01","Allowance","BT-98 BT-140","BT-98 BT-140","","","","","","","usage notes: entries of the UNTDID 5189 code list"
"12_2023-11-15/r01","Item","BT-158-1","BT-158-1","","","","","","","scheme identifier sub-row of BT-158: entries in UNTDID 7143"
"12_2023-11-15/r01","Charge","BT-105 BT-145","BT-105 BT-145","","","","","","","usage notes: entries of the UNTDID 7161 code list"
"12_2023-11-15/r01","MIME","BT-125-1","BT-125-1","","","","","","","sub-row of BT-125: attached document Mime code"
"12_2023-11-15/r01","EAS","BT-34-1 BT-49-1","BT-34-1 BT-49-1","","","","","","","scheme identifier sub-rows of BT-34 and BT-49: list maintained by the Connecting Europe Facility"
"12_2023-11-15/r01","VATEX","BT-121","BT-121","","","","","","","BT-121: code list issued and maintained by the Connecting Europe Facility"
"12_2023-11-15/r01","Unit","BT-130 BT-150","BT-130 BT-150","","","","","","","BT-130: UN/ECE Recommendations 20 and 21; derived for BT-150, which shall be the same as BT-130"
"13_2024-05-15/r01","Country","BT-40 BT-55 BT-69 BT-80 BT-159","BT-40 BT-55 BT-69 BT-80 BT-159","","","","","","","country codes: EN ISO 3166-1"
"13_2024-05-15/r01","Currency","BT-5 BT-6","BT-5 BT-6","","","","","","","BT-5 and BT-6: ISO 4217"
"13_2024-05-15/r01","ICD","BT-29-1 BT-30-1 BT-46-1 BT-47-1 BT-60-1 BT-61-1 BT-71-1 BT-157-1","BT-29-1 BT-30-1 BT-46-1 BT-47-1 BT-60-1 BT-61-1 BT-71-1 BT-157-1","","","","","","","scheme identifier sub-rows: list published by the ISO/IEC 6523 maintenance agency"
"13_2024-05-15/r01","1001","BT-3","BT-3","","","","","","","BT-3 usage note: entries in UNTDID 1001"
"13_2024-05-15/r01","1153","BT-18-1 BT-128-1","BT-18-1 BT-128-1","","","","","","","scheme identifier sub-rows of BT-18 and BT-128: UNTDID 1153"
"13_2024-05-15/r01","VAT ID","BT-31 BT-48 BT-63","BT-31 BT-48 BT-63","","","","","","","BT-48 and BT-63: VAT number prefixed by an ISO 3166-1 country code; derived for BT-31, whose note says only: prefixed by a country code"
"13_2024-05-15/r01","VAT CAT","BT-95 BT-102 BT-118 BT-151","","BT-95 BT-102 BT-118 BT-151","","","","BT-95 (5305) BT-102 (5305) BT-118 (5305) BT-151 (5305)","","Table 2 names no code list for the tax scheme; the VAT category codes of BT-95, BT-102, BT-118 and BT-151 are UNTDID 5305"
"13_2024-05-15/r01","Time","BT-8","BT-8","","","","","","","BT-8 usage note: entries of UNTDID 2005"
"13_2024-05-15/r01","Text","BT-21","BT-21","","","","","","","BT-21 usage note: entries in UNTDID 4451"
"13_2024-05-15/r01","Payment","BT-81","BT-81","","","","","","","BT-81 usage note: UNTDID 4461"
"13_2024-05-15/r01","5305","BT-95 BT-102 BT-118 BT-151","BT-95 BT-102 BT-118 BT-151","","","","","BT-95 (VAT CAT) BT-102 (VAT CAT) BT-118 (VAT CAT) BT-151 (VAT CAT)","","usage notes: the following entries of UNTDID 5305 are used"
"13_2024-05-15/r01","Allowance","BT-98 BT-140","BT-98 BT-140","","","","","","","usage notes: entries of the UNTDID 5189 code list"
"13_2024-05-15/r01","Item","BT-158-1","BT-158-1","","","","","","","scheme identifier sub-row of BT-158: entries in UNTDID 7143"
"13_2024-05-15/r01","Charge","BT-105 BT-145","BT-105 BT-145","","","","","","","usage notes: entries of the UNTDID 7161 code list"
"13_2024-05-15/r01","MIME","BT-125-1","BT-125-1","","","","","","","sub-row of BT-125: attached document Mime code"
"13_2024-05-15/r01","EAS","BT-34-1 BT-49-1","BT-34-1 BT-49-1","","","","","","","scheme identifier sub-rows of BT-34 and BT-49: list maintained by the Connecting Europe Facility"
"13_2024-05-15/r01","VATEX","BT-121","BT-121","","","","","","","BT-121: code list issued and maintained by the Connecting Europe Facility"
"13_2024-05-15/r01","Unit","BT-130 BT-150","BT-130 BT-150","","","","","","","BT-130: UN/ECE Recommendations 20 and 21; derived for BT-150, which shall be the same as BT-130"
"14_2024-11-15/r01","Country","BT-40 BT-55 BT-69 BT-80 BT-159","BT-40 BT-55 BT-69 BT-80 BT-159","","","","","","","country codes: EN ISO 3166-1"
"14_2024-11-15/r01","Currency","BT-5 BT-6","BT-5 BT-6","","","","","","","BT-5 and BT-6: ISO 4217"
"14_2024-11-15/r01","ICD","BT-29-1 BT-30-1 BT-46-1 BT-47-1 BT-60-1 BT-61-1 BT-71-1 BT-157-1","BT-29-1 BT-30-1 BT-46-1 BT-47-1 BT-60-1 BT-61-1 BT-71-1 BT-157-1","","","","","","","scheme identifier sub-rows: list published by the ISO/IEC 6523 maintenance agency"
"14_2024-11-15/r01","1001","BT-3","BT-3","","","","","","","BT-3 usage note: entries in UNTDID 1001"
"14_2024-11-15/r01","1153","BT-18-1 BT-128-1","BT-18-1 BT-128-1","","","","","","","scheme identifier sub-rows of BT-18 and BT-128: UNTDID 1153"
"14_2024-11-15/r01","VAT ID","BT-31 BT-48 BT-63","BT-31 BT-48 BT-63","","","","","","","BT-48 and BT-63: VAT number prefixed by an ISO 3166-1 country code; derived for BT-31, whose note says only: prefixed by a country code"
"14_2024-11-15/r01","VAT CAT","BT-95 BT-102 BT-118 BT-151","","BT-95 BT-102 BT-118 BT-151","","","","BT-95 (5305) BT-102 (5305) BT-118 (5305) BT-151 (5305)","","Table 2 names no code list for the tax scheme; the VAT category codes of BT-95, BT-102, BT-118 and BT-151 are UNTDID 5305"
"14_2024-11-15/r01","Time","BT-8","BT-8","","","","","","","BT-8 usage note: entries of UNTDID 2005"
"14_2024-11-15/r01","Text","BT-21","BT-21","","","","","","","BT-21 usage note: entries in UNTDID 4451"
"14_2024-11-15/r01","Payment","BT-81","BT-81","","","","","","","BT-81 usage note: UNTDID 4461"
"14_2024-11-15/r01","5305","BT-95 BT-102 BT-118 BT-151","BT-95 BT-102 BT-118 BT-151","","","","","BT-95 (VAT CAT) BT-102 (VAT CAT) BT-118 (VAT CAT) BT-151 (VAT CAT)","","usage notes: the following entries of UNTDID 5305 are used"
"14_2024-11-15/r01","Allowance","BT-98 BT-140","BT-98 BT-140","","","","","","","usage notes: entries of the UNTDID 5189 code list"
"14_2024-11-15/r01","Item","BT-158-1","BT-158-1","","","","","","","scheme identifier sub-row of BT-158: entries in UNTDID 7143"
"14_2024-11-15/r01","Charge","BT-105 BT-145","BT-105 BT-145","","","","","","","usage notes: entries of the UNTDID 7161 code list"
"14_2024-11-15/r01","MIME","BT-125-1","BT-125-1","","","","","","","sub-row of BT-125: attached document Mime code"
"14_2024-11-15/r01","EAS","BT-34-1 BT-49-1","BT-34-1 BT-49-1","","","","","","","scheme identifier sub-rows of BT-34 and BT-49: list maintained by the Connecting Europe Facility"
"14_2024-11-15/r01","VATEX","BT-121","BT-121","","","","","","","BT-121: code list issued and maintained by the Connecting Europe Facility"
"14_2024-11-15/r01","Unit","BT-130 BT-150","BT-130 BT-150","","","","","","","BT-130: UN/ECE Recommendations 20 and 21; derived for BT-150, which shall be the same as BT-130"
"15_2025-05-15/r01","Country","BT-40 BT-55 BT-69 BT-80 BT-159","BT-40 BT-55 BT-69 BT-80 BT-159","","","","","","","country codes: EN ISO 3166-1"
"15_2025-05-15/r01","Currency","BT-5 BT-6","BT-5 BT-6","","","","","","","BT-5 and BT-6: ISO 4217"
"15_2025-05-15/r01","ICD","BT-29-1 BT-30-1 BT-46-1 BT-47-1 BT-60-1 BT-61-1 BT-71-1 BT-157-1","BT-29-1 BT-30-1 BT-46-1 BT-47-1 BT-60-1 BT-61-1 BT-71-1 BT-157-1","","","","","","","scheme identifier sub-rows: list published by the ISO/IEC 6523 maintenance agency"
"15_2025-05-15/r01","1001","BT-3","BT-3","","","","","","","BT-3 usage note: entries in UNTDID 1001"
"15_2025-05-15/r01","1153","BT-18-1 BT-128-1","BT-18-1 BT-128-1","","","","","","","scheme identifier sub-rows of BT-18 and BT-128: UNTDID 1153"
"15_2025-05-15/r01","VAT ID","BT-31 BT-48 BT-63","BT-31 BT-48 BT-63","","","","","","","BT-48 and BT-63: VAT number prefixed by an ISO 3166-1 country code; derived for BT-31, whose note says only: prefixed by a country code"
"15_2025-05-15/r01","FISCAL ID","BT-32","","BT-32","","BT-32","","","","BT-32 names no code list"
"15_2025-05-15/r01","VAT CAT","BT-95 BT-102 BT-118 BT-151","","BT-95 BT-102 BT-118 BT-151","","","","BT-95 (5305) BT-102 (5305) BT-118 (5305) BT-151 (5305)","","Table 2 names no code list for the tax scheme; the VAT category codes of BT-95, BT-102, BT-118 and BT-151 are UNTDID 5305"
"15_2025-05-15/r01","Time","BT-8","BT-8","","","","","","","BT-8 usage note: entries of UNTDID 2005"
"15_2025-05-15/r01","Text","BT-21","BT-21","","","","","","","BT-21 usage note: entries in UNTDID 4451"
"15_2025-05-15/r01","Payment","BT-81","BT-81","","","","","","","BT-81 usage note: UNTDID 4461"
"15_2025-05-15/r01","5305","BT-95 BT-102 BT-118 BT-151","BT-95 BT-102 BT-118 BT-151","","","","","BT-95 (VAT CAT) BT-102 (VAT CAT) BT-118 (VAT CAT) BT-151 (VAT CAT)","","usage notes: the following entries of UNTDID 5305 are used"
"15_2025-05-15/r01","Allowance","BT-98 BT-140","BT-98 BT-140","","","","","","","usage notes: entries of the UNTDID 5189 code list"
"15_2025-05-15/r01","Item","BT-158-1","BT-158-1","","","","","","","scheme identifier sub-row of BT-158: entries in UNTDID 7143"
"15_2025-05-15/r01","Charge","BT-105 BT-145","BT-105 BT-145","","","","","","","usage notes: entries of the UNTDID 7161 code list"
"15_2025-05-15/r01","MIME","BT-125-1","BT-125-1","","","","","","","sub-row of BT-125: attached document Mime code"
"15_2025-05-15/r01","EAS","BT-34-1 BT-49-1","BT-34-1 BT-49-1","","","","","","","scheme identifier sub-rows of BT-34 and BT-49: list maintained by the Connecting Europe Facility"
"15_2025-05-15/r01","VATEX","BT-121","BT-121","","","","","","","BT-121: code list issued and maintained by the Connecting Europe Facility"
"15_2025-05-15/r01","Unit","BT-130 BT-150","BT-130 BT-150","","","","","","","BT-130: UN/ECE Recommendations 20 and 21; derived for BT-150, which shall be the same as BT-130"
"16_2025-11-15/r01","Country","BT-40 BT-55 BT-69 BT-80 BT-159","BT-40 BT-55 BT-69 BT-80 BT-159","","","","","","","country codes: EN ISO 3166-1"
"16_2025-11-15/r01","Currency","BT-5 BT-6","BT-5 BT-6","","","","","","","BT-5 and BT-6: ISO 4217"
"16_2025-11-15/r01","ICD","BT-29-1 BT-30-1 BT-46-1 BT-47-1 BT-60-1 BT-61-1 BT-71-1 BT-157-1","BT-29-1 BT-30-1 BT-46-1 BT-47-1 BT-60-1 BT-61-1 BT-71-1 BT-157-1","","","","","","","scheme identifier sub-rows: list published by the ISO/IEC 6523 maintenance agency"
"16_2025-11-15/r01","1001","BT-3","BT-3","","","","","","","BT-3 usage note: entries in UNTDID 1001"
"16_2025-11-15/r01","1153","BT-18-1 BT-128-1","BT-18-1 BT-128-1","","","","","","","scheme identifier sub-rows of BT-18 and BT-128: UNTDID 1153"
"16_2025-11-15/r01","VAT ID","BT-31 BT-48 BT-63","BT-31 BT-48 BT-63","","","","","","","BT-48 and BT-63: VAT number prefixed by an ISO 3166-1 country code; derived for BT-31, whose note says only: prefixed by a country code"
"16_2025-11-15/r01","FISCAL ID","BT-32","","BT-32","","","","","","BT-32 names no code list"
"16_2025-11-15/r01","VAT CAT","BT-95 BT-102 BT-118 BT-151","","BT-95 BT-102 BT-118 BT-151","","","","BT-95 (5305) BT-102 (5305) BT-118 (5305) BT-151 (5305)","","Table 2 names no code list for the tax scheme; the VAT category codes of BT-95, BT-102, BT-118 and BT-151 are UNTDID 5305"
"16_2025-11-15/r01","Time","BT-8","BT-8","","","","","","","BT-8 usage note: entries of UNTDID 2005"
"16_2025-11-15/r01","Text","BT-21","BT-21","","","","","","","BT-21 usage note: entries in UNTDID 4451"
"16_2025-11-15/r01","Payment","BT-81","BT-81","","","","","","","BT-81 usage note: UNTDID 4461"
"16_2025-11-15/r01","5305","BT-95 BT-102 BT-118 BT-151","BT-95 BT-102 BT-118 BT-151","","","","","BT-95 (VAT CAT) BT-102 (VAT CAT) BT-118 (VAT CAT) BT-151 (VAT CAT)","","usage notes: the following entries of UNTDID 5305 are used"
"16_2025-11-15/r01","Allowance","BT-98 BT-140","BT-98 BT-140","","","","","","","usage notes: entries of the UNTDID 5189 code list"
"16_2025-11-15/r01","Item","BT-158-1","BT-158-1","","","","","","","scheme identifier sub-row of BT-158: entries in UNTDID 7143"
"16_2025-11-15/r01","Charge","BT-105 BT-145","BT-105 BT-145","","","","","","","usage notes: entries of the UNTDID 7161 code list"
"16_2025-11-15/r01","MIME","BT-125-1","BT-125-1","","","","","","","sub-row of BT-125: attached document Mime code"
"16_2025-11-15/r01","EAS","BT-34-1 BT-49-1","BT-34-1 BT-49-1","","","","","","","scheme identifier sub-rows of BT-34 and BT-49: list maintained by the Connecting Europe Facility"
"16_2025-11-15/r01","VATEX","BT-121","BT-121","","","","","","","BT-121: code list issued and maintained by the Connecting Europe Facility"
"16_2025-11-15/r01","Unit","BT-130 BT-150","BT-130 BT-150","","","","","","","BT-130: UN/ECE Recommendations 20 and 21; derived for BT-150, which shall be the same as BT-130"
"17_2026-05-15/r01","Country","BT-40 BT-55 BT-69 BT-80 BT-159","BT-40 BT-55 BT-69 BT-80 BT-159","","","","","","","country codes: EN ISO 3166-1"
"17_2026-05-15/r01","Currency","BT-5 BT-6","BT-5 BT-6","","","","","","","BT-5 and BT-6: ISO 4217"
"17_2026-05-15/r01","ICD","BT-29-1 BT-30-1 BT-46-1 BT-47-1 BT-60-1 BT-61-1 BT-71-1 BT-157-1","BT-29-1 BT-30-1 BT-46-1 BT-47-1 BT-60-1 BT-61-1 BT-71-1 BT-157-1","","","","","","","scheme identifier sub-rows: list published by the ISO/IEC 6523 maintenance agency"
"17_2026-05-15/r01","1001","BT-3","BT-3","","","","","","","BT-3 usage note: entries in UNTDID 1001"
"17_2026-05-15/r01","1153","BT-18-1 BT-128-1","BT-18-1 BT-128-1","","","","","","","scheme identifier sub-rows of BT-18 and BT-128: UNTDID 1153"
"17_2026-05-15/r01","VAT ID","BT-31 BT-48 BT-63","BT-31 BT-48 BT-63","","","","","","","BT-48 and BT-63: VAT number prefixed by an ISO 3166-1 country code; derived for BT-31, whose note says only: prefixed by a country code"
"17_2026-05-15/r01","FISCAL ID","BT-32","","BT-32","","","","","","BT-32 names no code list"
"17_2026-05-15/r01","VAT CAT","BT-95 BT-102 BT-118 BT-151","","BT-95 BT-102 BT-118 BT-151","","","","BT-95 (5305) BT-102 (5305) BT-118 (5305) BT-151 (5305)","","Table 2 names no code list for the tax scheme; the VAT category codes of BT-95, BT-102, BT-118 and BT-151 are UNTDID 5305"
"17_2026-05-15/r01","Time","BT-8","BT-8","","","","","","","BT-8 usage note: entries of UNTDID 2005"
"17_2026-05-15/r01","Text","BT-21","BT-21","","","","","","","BT-21 usage note: entries in UNTDID 4451"
"17_2026-05-15/r01","Payment","BT-81","BT-81","","","","","","","BT-81 usage note: UNTDID 4461"
"17_2026-05-15/r01","5305","BT-95 BT-102 BT-118 BT-151","BT-95 BT-102 BT-118 BT-151","","","","","BT-95 (VAT CAT) BT-102 (VAT CAT) BT-118 (VAT CAT) BT-151 (VAT CAT)","","usage notes: the following entries of UNTDID 5305 are used"
"17_2026-05-15/r01","Allowance","BT-98 BT-140","BT-98 BT-140","","","","","","","usage notes: entries of the UNTDID 5189 code list"
"17_2026-05-15/r01","Item","BT-158-1","BT-158-1","","","","","","","scheme identifier sub-row of BT-158: entries in UNTDID 7143"
"17_2026-05-15/r01","Charge","BT-105 BT-145","BT-105 BT-145","","","","","","","usage notes: entries of the UNTDID 7161 code list"
"17_2026-05-15/r01","MIME","BT-125-1","BT-125-1","","","","","","","sub-row of BT-125: attached document Mime code"
"17_2026-05-15/r01","EAS","BT-34-1 BT-49-1","BT-34-1 BT-49-1","","","","","","","scheme identifier sub-rows of BT-34 and BT-49: list maintained by the Connecting Europe Facility"
"17_2026-05-15/r01","VATEX","BT-121","BT-121","","","","","","","BT-121: code list issued and maintained by the Connecting Europe Facility"
"17_2026-05-15/r01","Unit","BT-130 BT-150","BT-130 BT-150","","","","","","","BT-130: UN/ECE Recommendations 20 and 21; derived for BT-150, which shall be the same as BT-130"
"17_2026-05-15/r02","Country","BT-40 BT-55 BT-69 BT-80 BT-159","BT-40 BT-55 BT-69 BT-80 BT-159","","","","","","","country codes: EN ISO 3166-1"
"17_2026-05-15/r02","Currency","BT-5 BT-6","BT-5 BT-6","","","","","","","BT-5 and BT-6: ISO 4217"
"17_2026-05-15/r02","ICD","BT-29-1 BT-30-1 BT-46-1 BT-47-1 BT-60-1 BT-61-1 BT-71-1 BT-157-1","BT-29-1 BT-30-1 BT-46-1 BT-47-1 BT-60-1 BT-61-1 BT-71-1 BT-157-1","","","","","","","scheme identifier sub-rows: list published by the ISO/IEC 6523 maintenance agency"
"17_2026-05-15/r02","1001","BT-3","BT-3","","","","","","","BT-3 usage note: entries in UNTDID 1001"
"17_2026-05-15/r02","1153","BT-18-1 BT-128-1","BT-18-1 BT-128-1","","","","","","","scheme identifier sub-rows of BT-18 and BT-128: UNTDID 1153"
"17_2026-05-15/r02","VAT ID","BT-31 BT-48 BT-63","BT-31 BT-48 BT-63","","","","","","","BT-48 and BT-63: VAT number prefixed by an ISO 3166-1 country code; derived for BT-31, whose note says only: prefixed by a country code"
"17_2026-05-15/r02","FISCAL ID","BT-32","","BT-32","","","","","","BT-32 names no code list"
"17_2026-05-15/r02","VAT CAT","BT-95 BT-102 BT-118 BT-151","","BT-95 BT-102 BT-118 BT-151","","","","BT-95 (5305) BT-102 (5305) BT-118 (5305) BT-151 (5305)","","Table 2 names no code list for the tax scheme; the VAT category codes of BT-95, BT-102, BT-118 and BT-151 are UNTDID 5305"
"17_2026-05-15/r02","Time","BT-8","BT-8","","","","","","","BT-8 usage note: entries of UNTDID 2005"
"17_2026-05-15/r02","Text","BT-21","BT-21","","","","","","","BT-21 usage note: entries in UNTDID 4451"
"17_2026-05-15/r02","Payment","BT-81","BT-81","","","","","","","BT-81 usage note: UNTDID 4461"
"17_2026-05-15/r02","5305","BT-95 BT-102 BT-118 BT-151","BT-95 BT-102 BT-118 BT-151","","","","","BT-95 (VAT CAT) BT-102 (VAT CAT) BT-118 (VAT CAT) BT-151 (VAT CAT)","","usage notes: the following entries of UNTDID 5305 are used"
"17_2026-05-15/r02","Allowance","BT-98 BT-140","BT-98 BT-140","","","","","","","usage notes: entries of the UNTDID 5189 code list"
"17_2026-05-15/r02","Item","BT-158-1","BT-158-1","","","","","","","scheme identifier sub-row of BT-158: entries in UNTDID 7143"
"17_2026-05-15/r02","Charge","BT-105 BT-145","BT-105 BT-145","","","","","","","usage notes: entries of the UNTDID 7161 code list"
"17_2026-05-15/r02","MIME","BT-125-1","BT-125-1","","","","","","","sub-row of BT-125: attached document Mime code"
"17_2026-05-15/r02","EAS","BT-34-1 BT-49-1","BT-34-1 BT-49-1","","","","","","","scheme identifier sub-rows of BT-34 and BT-49: list maintained by the Connecting Europe Facility"
"17_2026-05-15/r02","VATEX","BT-121","BT-121","","","","","","","BT-121: code list issued and maintained by the Connecting Europe Facility"
"17_2026-05-15/r02","Unit","BT-130 BT-150","BT-130 BT-150","","","","","","","BT-130: UN/ECE Recommendations 20 and 21; derived for BT-150, which shall be the same as BT-130"
