# Which business terms of EN 16931-1:2017 use each code list, by the Tab name of the EN16931 code list workbooks.
#
# Derived once from Table 2 "Semantic data model of the core elements of an electronic invoice" as published in
# https://github.com/svanteschubert/CEN-TC434-WG1, docs/EN16931-1_Tables_2016/, commit
# 58ac8f234a4cc55901f212b0ca1a564f921e9213. A business term is listed when its description or usage note names the
# code list. Scheme identifiers and the attached document's MIME code are unnamed sub-rows of Table 2; they carry the
# identifier of the business term above them with the suffix -1 (BT-29 -> BT-29-1).
#
# The evidence column quotes how Table 2 states the relation. "derived" marks a relation the table states only
# indirectly. An empty business terms column means that Table 2 names no code list for what the tab holds; every
# business term the Index sheet lists there is then reported as not being in the 2017 reference.
"tab name","business terms","evidence"
"1001","BT-3","BT-3 usage note: entries in UNTDID 1001"
"Currency","BT-5, BT-6","BT-5 and BT-6: ISO 4217"
"ICD","BT-29-1, BT-30-1, BT-46-1, BT-47-1, BT-60-1, BT-61-1, BT-71-1, BT-157-1","scheme identifier sub-rows: list published by the ISO/IEC 6523 maintenance agency"
"1153","BT-18-1, BT-128-1","scheme identifier sub-rows of BT-18 and BT-128: UNTDID 1153"
"VAT ID","BT-31, BT-48, BT-63","BT-48 and BT-63: VAT number prefixed by an ISO 3166-1 country code; derived for BT-31, whose note says only: prefixed by a country code"
"FISCAL ID","","BT-32 names no code list"
"VAT CAT","","Table 2 names no code list for the tax scheme; the VAT category codes of BT-95, BT-102, BT-118 and BT-151 are UNTDID 5305"
"Time","BT-8","BT-8 usage note: entries of UNTDID 2005"
"Text","BT-21","BT-21 usage note: entries in UNTDID 4451"
"Payment","BT-81","BT-81 usage note: UNTDID 4461"
"5305","BT-95, BT-102, BT-118, BT-151","usage notes: the following entries of UNTDID 5305 are used"
"Allowance","BT-98, BT-140","usage notes: entries of the UNTDID 5189 code list"
"Item","BT-158-1","scheme identifier sub-row of BT-158: entries in UNTDID 7143"
"Charge","BT-105, BT-145","usage notes: entries of the UNTDID 7161 code list"
"MIME","BT-125-1","sub-row of BT-125: attached document Mime code"
"EAS","BT-34-1, BT-49-1","scheme identifier sub-rows of BT-34 and BT-49: list maintained by the Connecting Europe Facility"
"VATEX","BT-121","BT-121: code list issued and maintained by the Connecting Europe Facility"
"Unit","BT-130, BT-150","BT-130: UN/ECE Recommendations 20 and 21; derived for BT-150, which shall be the same as BT-130"
"Country","BT-40, BT-55, BT-69, BT-80, BT-159","country codes: EN ISO 3166-1"
