"ENTITY","Currency","Alphabetic Code"
"UNITED ARAB EMIRATES (THE)","UAE Dirham","AED"
"AFGHANISTAN","Afghani","AFN"
"ALBANIA","Lek","ALL"
"ARMENIA","Armenian Dram","AMD"
"CURAÇAO","Netherlands Antillean Guilder","ANG"
"SINT MAARTEN (DUTCH PART)","Netherlands Antillean Guilder","ANG"
"ANGOLA","Kwanza","AOA"
"ARGENTINA","Argentine Peso","ARS"
"AUSTRALIA","Australian Dollar","AUD"
"CHRISTMAS ISLAND","Australian Dollar","AUD"
"COCOS (KEELING) ISLANDS (THE)","Australian Dollar","AUD"
"HEARD ISLAND AND McDONALD ISLANDS","Australian Dollar","AUD"
"KIRIBATI","Australian Dollar","AUD"
"NAURU","Australian Dollar","AUD"
"NORFOLK ISLAND","Australian Dollar","AUD"
"TUVALU","Australian Dollar","AUD"
"ARUBA","Aruban Florin","AWG"
"AZERBAIJAN","Azerbaijan Manat","AZN"
"BOSNIA AND HERZEGOVINA","Convertible Mark","BAM"
"BARBADOS","Barbados Dollar","BBD"
"BANGLADESH","Taka","BDT"
"BULGARIA","Bulgarian Lev","BGN"
"BAHRAIN","Bahraini Dinar","BHD"
"BURUNDI","Burundi Franc","BIF"
"BERMUDA","Bermudian Dollar","BMD"
"BRUNEI DARUSSALAM","Brunei Dollar","BND"
"BOLIVIA (PLURINATIONAL STATE OF)","Boliviano","BOB"
"BOLIVIA (PLURINATIONAL STATE OF)","Mvdol","BOV"
"BRAZIL","Brazilian Real","BRL"
"BAHAMAS (THE)","Bahamian Dollar","BSD"
"BHUTAN","Ngultrum","BTN"
"BOTSWANA","Pula","BWP"
"BELARUS","Belarusian Ruble","BYN"
"BELIZE","Belize Dollar","BZD"
"CANADA","Canadian Dollar","CAD"
"CONGO (THE DEMOCRATIC REPUBLIC OF THE)","Congolese Franc","CDF"
"SWITZERLAND","WIR Euro","CHE"
"LIECHTENSTEIN","Swiss Franc","CHF"
"SWITZERLAND","Swiss Franc","CHF"
"SWITZERLAND","WIR Franc","CHW"
"CHILE","Unidad de Fomento","CLF"
"CHILE","Chilean Peso","CLP"
"CHINA","Yuan Renminbi","CNY"
"COLOMBIA","Colombian Peso","COP"
"COLOMBIA","Unidad de Valor Real","COU"
"COSTA RICA","Costa Rican Colon","CRC"
"CUBA","Peso Convertible","CUC"
"CUBA","Cuban Peso","CUP"
"CABO VERDE","Cabo Verde Escudo","CVE"
"CZECHIA","Czech Koruna","CZK"
"DJIBOUTI","Djibouti Franc","DJF"
"DENMARK","Danish Krone","DKK"
"FAROE ISLANDS (THE)","Danish Krone","DKK"
"GREENLAND","Danish Krone","DKK"
"DOMINICAN REPUBLIC (THE)","Dominican Peso","DOP"
"ALGERIA","Algerian Dinar","DZD"
"EGYPT","Egyptian Pound","EGP"
"ERITREA","Nakfa","ERN"
"ETHIOPIA","Ethiopian Birr","ETB"
"ÅLAND ISLANDS","Euro","EUR"
"ANDORRA","Euro","EUR"
"AUSTRIA","Euro","EUR"
"BELGIUM","Euro","EUR"
"CYPRUS","Euro","EUR"
"ESTONIA","Euro","EUR"
"EUROPEAN UNION","Euro","EUR"
"FINLAND","Euro","EUR"
"FRANCE","Euro","EUR"
"FRENCH GUIANA","Euro","EUR"
"FRENCH SOUTHERN TERRITORIES (THE)","Euro","EUR"
"GERMANY","Euro","EUR"
"GREECE","Euro","EUR"
"GUADELOUPE","Euro","EUR"
"HOLY SEE (THE)","Euro","EUR"
"IRELAND","Euro","EUR"
"ITALY","Euro","EUR"
"LATVIA","Euro","EUR"
"LITHUANIA","Euro","EUR"
"LUXEMBOURG","Euro","EUR"
"MALTA","Euro","EUR"
"MARTINIQUE","Euro","EUR"
"MAYOTTE","Euro","EUR"
"MONACO","Euro","EUR"
"MONTENEGRO","Euro","EUR"
"NETHERLANDS (THE)","Euro","EUR"
"PORTUGAL","Euro","EUR"
"RÉUNION","Euro","EUR"
"SAINT BARTHÉLEMY","Euro","EUR"
"SAINT MARTIN (FRENCH PART)","Euro","EUR"
"SAINT PIERRE AND MIQUELON","Euro","EUR"
"SAN MARINO","Euro","EUR"
"SLOVAKIA","Euro","EUR"
"SLOVENIA","Euro","EUR"
"SPAIN","Euro","EUR"
"FIJI","Fiji Dollar","FJD"
"FALKLAND ISLANDS (THE) [MALVINAS]","Falkland Islands Pound","FKP"
"GUERNSEY","Pound Sterling","GBP"
"ISLE OF MAN","Pound Sterling","GBP"
"JERSEY","Pound Sterling","GBP"
"UNITED KINGDOM OF GREAT BRITAIN AND NORTHERN IRELAND (THE)","Pound Sterling","GBP"
"GEORGIA","Lari","GEL"
"GHANA","Ghana Cedi","GHS"
"GIBRALTAR","Gibraltar Pound","GIP"
"GAMBIA (THE)","Dalasi","GMD"
"GUINEA","Guinean Franc","GNF"
"GUATEMALA","Quetzal","GTQ"
"GUYANA","Guyana Dollar","GYD"
"HONG KONG","Hong Kong Dollar","HKD"
"HONDURAS","Lempira","HNL"
"CROATIA","Kuna","HRK"
"HAITI","Gourde","HTG"
"HUNGARY","Forint","HUF"
"INDONESIA","Rupiah","IDR"
"ISRAEL","New Israeli Sheqel","ILS"
"BHUTAN","Indian Rupee","INR"
"INDIA","Indian Rupee","INR"
"IRAQ","Iraqi Dinar","IQD"
"IRAN (ISLAMIC REPUBLIC OF)","Iranian Rial","IRR"
"ICELAND","Iceland Krona","ISK"
"JAMAICA","Jamaican Dollar","JMD"
"JORDAN","Jordanian Dinar","JOD"
"JAPAN","Yen","JPY"
"KENYA","Kenyan Shilling","KES"
"KYRGYZSTAN","Som","KGS"
"CAMBODIA","Riel","KHR"
"COMOROS (THE)","Comorian Franc ","KMF"
"KOREA (THE DEMOCRATIC PEOPLE’S REPUBLIC OF)","North Korean Won","KPW"
"KOREA (THE REPUBLIC OF)","Won","KRW"
"KUWAIT","Kuwaiti Dinar","KWD"
"CAYMAN ISLANDS (THE)","Cayman Islands Dollar","KYD"
"KAZAKHSTAN","Tenge","KZT"
"LAO PEOPLE’S DEMOCRATIC REPUBLIC (THE)","Lao Kip","LAK"
"LEBANON","Lebanese Pound","LBP"
"SRI LANKA","Sri Lanka Rupee","LKR"
"LIBERIA","Liberian Dollar","LRD"
"LESOTHO","Loti","LSL"
"LIBYA","Libyan Dinar","LYD"
"MOROCCO","Moroccan Dirham","MAD"
"WESTERN SAHARA","Moroccan Dirham","MAD"
"MOLDOVA (THE REPUBLIC OF)","Moldovan Leu","MDL"
"MADAGASCAR","Malagasy Ariary","MGA"
"MACEDONIA (THE FORMER YUGOSLAV REPUBLIC OF)","Denar","MKD"
"MYANMAR","Kyat","MMK"
"MONGOLIA","Tugrik","MNT"
"MACAO","Pataca","MOP"
"MAURITANIA","Ouguiya","MRU"
"MAURITIUS","Mauritius Rupee","MUR"
"MALDIVES","Rufiyaa","MVR"
"MALAWI","Malawi Kwacha","MWK"
"MEXICO","Mexican Peso","MXN"
"MEXICO","Mexican Unidad de Inversion (UDI)","MXV"
"MALAYSIA","Malaysian Ringgit","MYR"
"MOZAMBIQUE","Mozambique Metical","MZN"
"NAMIBIA","Namibia Dollar","NAD"
"NIGERIA","Naira","NGN"
"NICARAGUA","Cordoba Oro","NIO"
"BOUVET ISLAND","Norwegian Krone","NOK"
"NORWAY","Norwegian Krone","NOK"
"SVALBARD AND JAN MAYEN","Norwegian Krone","NOK"
"NEPAL","Nepalese Rupee","NPR"
"COOK ISLANDS (THE)","New Zealand Dollar","NZD"
"NEW ZEALAND","New Zealand Dollar","NZD"
"NIUE","New Zealand Dollar","NZD"
"PITCAIRN","New Zealand Dollar","NZD"
"TOKELAU","New Zealand Dollar","NZD"
"OMAN","Rial Omani","OMR"
"PANAMA","Balboa","PAB"
"PERU","Sol","PEN"
"PAPUA NEW GUINEA","Kina","PGK"
"PHILIPPINES (THE)","Philippine Peso","PHP"
"PAKISTAN","Pakistan Rupee","PKR"
"POLAND","Zloty","PLN"
"PARAGUAY","Guarani","PYG"
"QATAR","Qatari Rial","QAR"
"ROMANIA","Romanian Leu","RON"
"SERBIA","Serbian Dinar","RSD"
"RUSSIAN FEDERATION (THE)","Russian Ruble","RUB"
"RWANDA","Rwanda Franc","RWF"
"SAUDI ARABIA","Saudi Riyal","SAR"
"SOLOMON ISLANDS","Solomon Islands Dollar","SBD"
"SEYCHELLES","Seychelles Rupee","SCR"
"SUDAN (THE)","Sudanese Pound","SDG"
"SWEDEN","Swedish Krona","SEK"
"SINGAPORE","Singapore Dollar","SGD"
"SAINT HELENA, ASCENSION AND TRISTAN DA CUNHA","Saint Helena Pound","SHP"
"SIERRA LEONE","Leone","SLL"
"SOMALIA","Somali Shilling","SOS"
"SURINAME","Surinam Dollar","SRD"
"SOUTH SUDAN","South Sudanese Pound","SSP"
"SAO TOME AND PRINCIPE","Dobra","STN"
"EL SALVADOR","El Salvador Colon","SVC"
"SYRIAN ARAB REPUBLIC","Syrian Pound","SYP"
"ESWATINI","Lilangeni","SZL"
"THAILAND","Baht","THB"
"TAJIKISTAN","Somoni","TJS"
"TURKMENISTAN","Turkmenistan New Manat","TMT"
"TUNISIA","Tunisian Dinar","TND"
"TONGA","Pa’anga","TOP"
"TURKEY","Turkish Lira","TRY"
"TRINIDAD AND TOBAGO","Trinidad and Tobago Dollar","TTD"
"TAIWAN (PROVINCE OF CHINA)","New Taiwan Dollar","TWD"
"TANZANIA, UNITED REPUBLIC OF","Tanzanian Shilling","TZS"
"UKRAINE","Hryvnia","UAH"
"UGANDA","Uganda Shilling","UGX"
"AMERICAN SAMOA","US Dollar","USD"
"BONAIRE, SINT EUSTATIUS AND SABA","US Dollar","USD"
"BRITISH INDIAN OCEAN TERRITORY (THE)","US Dollar","USD"
"ECUADOR","US Dollar","USD"
"EL SALVADOR","US Dollar","USD"
"GUAM","US Dollar","USD"
"HAITI","US Dollar","USD"
"MARSHALL ISLANDS (THE)","US Dollar","USD"
"MICRONESIA (FEDERATED STATES OF)","US Dollar","USD"
"NORTHERN MARIANA ISLANDS (THE)","US Dollar","USD"
"PALAU","US Dollar","USD"
"PANAMA","US Dollar","USD"
"PUERTO RICO","US Dollar","USD"
"TIMOR-LESTE","US Dollar","USD"
"TURKS AND CAICOS ISLANDS (THE)","US Dollar","USD"
"UNITED STATES MINOR OUTLYING ISLANDS (THE)","US Dollar","USD"
"UNITED STATES OF AMERICA (THE)","US Dollar","USD"
"VIRGIN ISLANDS (BRITISH)","US Dollar","USD"
"VIRGIN ISLANDS (U.S.)","US Dollar","USD"
"UNITED STATES OF AMERICA (THE)","US Dollar (Next day)","USN"
"URUGUAY","Uruguay Peso en Unidades Indexadas (UI)","UYI"
"URUGUAY","Peso Uruguayo","UYU"
"URUGUAY","Unidad Previsional","UYW"
"UZBEKISTAN","Uzbekistan Sum","UZS"
"VENEZUELA (BOLIVARIAN REPUBLIC OF)","Bolívar Soberano","VES"
"VIET NAM","Dong","VND"
"VANUATU","Vatu","VUV"
"SAMOA","Tala","WST"
"CAMEROON","CFA Franc BEAC","XAF"
"CENTRAL AFRICAN REPUBLIC (THE)","CFA Franc BEAC","XAF"
"CHAD","CFA Franc BEAC","XAF"
"CONGO (THE)","CFA Franc BEAC","XAF"
"EQUATORIAL GUINEA","CFA Franc BEAC","XAF"
"GABON","CFA Franc BEAC","XAF"
"ZZ11_Silver","Silver","XAG"
"ZZ08_Gold","Gold","XAU"
"ZZ01_Bond Markets Unit European_EURCO","Bond Markets Unit European Composite Unit (EURCO)","XBA"
"ZZ02_Bond Markets Unit European_EMU-6","Bond Markets Unit European Monetary Unit (E.M.U.-6)","XBB"
"ZZ03_Bond Markets Unit European_EUA-9","Bond Markets Unit European Unit of Account 9 (E.U.A.-9)","XBC"
"ZZ04_Bond Markets Unit European_EUA-17","Bond Markets Unit European Unit of Account 17 (E.U.A.-17)","XBD"
"ANGUILLA","East Caribbean Dollar","XCD"
"ANTIGUA AND BARBUDA","East Caribbean Dollar","XCD"
"DOMINICA","East Caribbean Dollar","XCD"
"GRENADA","East Caribbean Dollar","XCD"
"MONTSERRAT","East Caribbean Dollar","XCD"
"SAINT KITTS AND NEVIS","East Caribbean Dollar","XCD"
"SAINT LUCIA","East Caribbean Dollar","XCD"
"SAINT VINCENT AND THE GRENADINES","East Caribbean Dollar","XCD"
"INTERNATIONAL MONETARY FUND (IMF) ","SDR (Special Drawing Right)","XDR"
"BENIN","CFA Franc BCEAO","XOF"
"BURKINA FASO","CFA Franc BCEAO","XOF"
"CÔTE D'IVOIRE","CFA Franc BCEAO","XOF"
"GUINEA-BISSAU","CFA Franc BCEAO","XOF"
"MALI","CFA Franc BCEAO","XOF"
"NIGER (THE)","CFA Franc BCEAO","XOF"
"SENEGAL","CFA Franc BCEAO","XOF"
"TOGO","CFA Franc BCEAO","XOF"
"ZZ09_Palladium","Palladium","XPD"
"FRENCH POLYNESIA","CFP Franc","XPF"
"NEW CALEDONIA","CFP Franc","XPF"
"WALLIS AND FUTUNA","CFP Franc","XPF"
"ZZ10_Platinum","Platinum","XPT"
"SISTEMA UNITARIO DE COMPENSACION REGIONAL DE PAGOS ""SUCRE""","Sucre","XSU"
"ZZ06_Testing_Code","Codes specifically reserved for testing purposes","XTS"
"MEMBER COUNTRIES OF THE AFRICAN DEVELOPMENT BANK GROUP","ADB Unit of Account","XUA"
"ZZ07_No_Currency","The codes assigned for transactions where no currency is involved","XXX"
"YEMEN","Yemeni Rial","YER"
"LESOTHO","Rand","ZAR"
"NAMIBIA","Rand","ZAR"
"SOUTH AFRICA","Rand","ZAR"
"ZAMBIA","Zambian Kwacha","ZMW"
"ZIMBABWE","Zimbabwe Dollar","ZWL"
