"Publication date","4/10/24","The date when the listing of the codes was published for implementation.","","","",""
"Effective date","5/15/24","The date when compliant implementations of EN16931 shall support code as listed in this document.","","","",""
"Remarks","This document contains a listing of what codes from each of the code lists are allowed in the European eInvocing standard from the publication date stated above and until it is republised.","","","","",""
"","This document only contains a simple listing of the codes and their names and does not replace the official publication of each code list that may contain more detailed information about the code lists and the definition of the codes. Decisions on what codes are relevant in specific business cases shall be based on the official publication of the code lists in conjunction with the relevant specification in the eInvoicing standard EN 16931-1 or its syntax bindings.","","","","",""
"Code lists","Tab name","Version/as published on","Usage","Changes","Remark on updates","EN business terms where the code list is used."
"ISO 3166-1 — Country Codes","Country","9/1/23","Extended","NO","","BT-40, BT-55, BT-69, BT-80, BT-159"
"ISO 4217 — Currency codes","Currency","1/1/24","Full list","Yes","Removing Sierra Leone SLL, new code is SLE","BT-5, BT-6"
"ISO/IEC 6523 — Identifier scheme code","ICD","2/26/24","Full list","NO","","BT-29-1, BT-30-1, BT-46-1, BT-47-1, BT-60-1, BT-61-1, BT-71-1, BT-157-1"
"UNTDID 1001 — Document type","1001","2022","Subset","NO","","BT-3"
"UNTDID 1153 — Reference code qualifier","1153","23A","Full list","NO","","BT-18-1, BT-128-1"
"VAT Identifier","VAT ID","NA","Subset","Fixed","","BT-31, BT-48, BT-63"
"VAT Category code","VAT CAT","NA","Subset","Fixed","","BT-95, BT-102, BT-118, BT-151"
"UNTDID 2005/ UNTDID 2475 — Event time code","Time","NA","Subset","Fixed","","BT-8"
"UNTDID 4451 — Text subject qualifier","Text","23A","Full list","NO","","BT-21"
"UNTDID 4461 — Payment means","Payment","23A","Full list","Yes","Adding 98","BT-81"
"UNTDID 5305  — Duty or tax or fee category","5305","NA","Subset","Fixed","","BT-95, BT-102, BT-118, BT-151"
"UNTDID 5189 — Allowance codes","Allowance","3/12/19","Subset","Fixed","","BT-98, BT-140"
"UNTDID 7143 — Item type identification code","Item","23A","Full list","Yes","Adding GMN","BT-158-1"
"UNTDID 7161 — Charge codes","Charge","22B","Full list","Yes","Adding PRV","BT-105, BT-145"
"Mime type codes — Mime codes","MIME","NA","Subset","Fixed","","BT-125-1"
"CEF EAS — Electronic address scheme identifier","EAS","12","Full","NO","","BT-34-1, BT-49-1"
"CEF VATEX — VAT exemption reason code","VATEX","4","Full","Yes","Adding VATEX-FR-FRANCHISE, VATEX-FR-CNWVAT","BT-121"
"UN/ECE Recommendation N°20 and UN/ECE Recommendation N°21 — Unit codes","Unit","Rec20r20+Rec21r20","Full lists","NO","","BT-130, BT-150"
